SK_ID_CURR,TARGET
208550,0.02537609243373519
173779,0.034111127821485634
365820,0.02048136015865558
144092,0.04815285567575307
291599,0.07240027927382497
418609,0.05530568953996959
398791,0.06506457603054858
202661,0.050783543124622604
185171,0.08730806519914276
111761,0.028503212742791904
258225,0.023948540479545477
174954,0.028789105759608545
297336,0.043620131644985384
369893,0.0699529358907146
195695,0.2690235900336852
384221,0.018511013630666956
203868,0.04560719120745736
182895,0.03696975286541678
342449,0.02213943871282681
352450,0.053988008297613126
156268,0.04510009988204841
282585,0.042912654969133046
362814,0.0761403603161576
371973,0.05350752305263941
431241,0.07169647961433111
160504,0.07014717528282201
144334,0.032674848432899625
225460,0.12192116586078251
296432,0.1093554888204804
259424,0.02379735190659406
360960,0.03492103796185973
154681,0.038387552925709056
314211,0.04954090160777685
163669,0.08351608650729697
248579,0.0469376491560549
449302,0.03436867630993328
185231,0.08905038616191528
194468,0.05582155470657245
113490,0.02795897412167047
139058,0.09479715619679305
325306,0.03094669398483632
199058,0.03026041919257283
155077,0.20740624577501637
127975,0.10084035002940125
360439,0.03363174974201822
435267,0.026694851032700327
156228,0.021474154961875477
172060,0.03225190271613236
238413,0.02740496148499756
301697,0.029470587392977223
283216,0.03890825025283079
375041,0.121905189518603
224158,0.029971750944213307
407681,0.079886056200832
256114,0.04510671597786271
180037,0.0427347470569748
151412,0.09407595984590507
383990,0.04111672328671684
101099,0.02956178000735893
224339,0.14778711541497352
407218,0.07099264568445242
301169,0.051737241012451946
362707,0.19921933452171356
211866,0.027290334350926163
437005,0.05036706687573167
126965,0.23225426792365467
232738,0.05019894563205342
367663,0.023049309120132165
253940,0.051488296625005314
128130,0.043720643218727644
217064,0.10277816803959021
347678,0.19931324328633132
205866,0.10234396146564678
166049,0.022008276169769487
112720,0.060559207292903136
405444,0.06473122615352499
436394,0.30664851392696185
177944,0.12005510726128735
123575,0.19535790691414665
120953,0.023452461131591287
451934,0.03845414198747863
235677,0.02816789883438372
153706,0.06724594428463106
127318,0.032757702045791905
381747,0.024843802732532727
452418,0.09415057822128409
185646,0.1087923488164332
391487,0.11327194643258567
378330,0.022689633114824588
423710,0.21223298035056182
455439,0.049426313751505156
271606,0.12935796217894127
340855,0.28864233559388797
211694,0.026628771208174914
366664,0.06634472465900736
293316,0.06207132361660274
424639,0.04707609034752339
285117,0.08286845738072401
313943,0.0485130466980107
428859,0.10174575227745539
280693,0.03639186182846003
278812,0.07995694303610275
386302,0.06439877533205783
344561,0.02928440734954491
330075,0.030144973999013485
363232,0.025005306650092308
148031,0.08079628582158357
343072,0.03982716144363262
403945,0.039708675724032055
330616,0.023290297120959837
275967,0.03145426361340402
175313,0.09296222953013317
453093,0.05542357099658723
137807,0.06226231518962581
136263,0.07502415929248682
304378,0.020274547972595938
307636,0.05804660875000579
267070,0.033191166070568275
231031,0.15905844363191718
257883,0.025906579054775537
314139,0.01879204788321987
252261,0.07514916330507351
266106,0.12348592504229838
248797,0.053956120713794874
401240,0.029625271308245972
359134,0.1062982841638028
212897,0.04095306926311142
159884,0.055651458079027855
291513,0.03347170613916733
163949,0.03439915487667499
179077,0.03998504690863826
358730,0.04168315406252349
450216,0.027422709246889207
279336,0.05459117409380758
362012,0.020816696341945867
341939,0.20155558750150182
423624,0.06469082449079565
386399,0.07253133340897329
124850,0.033936346587188686
251085,0.0704707776797812
227213,0.07857054503060365
221828,0.06579634800726232
151637,0.03630735146621106
184605,0.018203185425669653
431962,0.04902987293110683
452455,0.08068313054750192
405060,0.08589454063974314
103258,0.05264857857271943
184238,0.02637532442376126
300678,0.03482119710540157
193091,0.07305964437613092
317226,0.11686878287748989
253262,0.05658698752591408
153057,0.03678158239631792
227998,0.018895290853287117
301331,0.12651463362234935
427664,0.09363185516263098
125190,0.0670988013099672
238869,0.2533740936065347
226214,0.17528320894494584
141206,0.060081642899956815
100038,0.2195846085362432
212360,0.02643330801473462
435375,0.027847145781597315
388525,0.0622651610209425
323161,0.03997430178490785
413179,0.04492579302850516
145989,0.04825395962847402
233362,0.05726682968517136
367617,0.07552748940439433
361148,0.17680661251308757
373153,0.04389964189403865
301209,0.04686667707462527
260289,0.04538416994325111
148913,0.09226112625280385
393168,0.02273177192904555
165907,0.03880480613623052
408658,0.0341781696487978
157590,0.17981397462409413
416435,0.022518198794321764
357891,0.034637809062489644
376343,0.11873521357694641
335446,0.024726046889863882
266173,0.07929254473793201
147390,0.03085988129695252
111277,0.08742508109214345
277746,0.17298005468325528
130440,0.036616176562970754
275800,0.03574760886957189
443360,0.13881056643659723
332952,0.025436455777880604
286859,0.04157724706543303
243301,0.1437345837846454
125505,0.03671303920240208
370735,0.045931090660292676
196962,0.05160451543803226
241244,0.055789028798774135
239952,0.06283954319741572
136583,0.02718393646712259
441576,0.08727962181454432
440085,0.1292206719610073
406963,0.23043195844713152
455482,0.01943813460856585
376503,0.13728369802537388
330145,0.20357076214911296
404380,0.41035511125685004
253975,0.23838037606408533
319170,0.030004930440782212
241577,0.23982725794262338
226691,0.03125990020436796
112124,0.04628711538980729
200552,0.032486334954271806
329626,0.07295285312551505
378110,0.0739018940225923
111356,0.04354405651771396
295431,0.04836983655270367
173768,0.08978771914174083
315125,0.050004636703034885
164166,0.1028134764632086
367854,0.023586808630207727
197278,0.06909833528864771
244710,0.08170298756496377
398038,0.03906589923488239
372955,0.04176221143138447
389080,0.03468284334622205
338872,0.09765446124606951
335141,0.023465966915964524
358786,0.1880738837385549
413606,0.026424488682121324
302455,0.06698717505339363
105865,0.03672397800299519
281045,0.018093765125891004
170598,0.03819831366081282
181641,0.04489357034487492
199804,0.13791173456116618
166025,0.03466139617708788
417454,0.0331943656090207
107826,0.03274501795012289
350543,0.07776700406343878
307500,0.03276059697808634
377756,0.06760540783151874
254068,0.045909564413637236
373390,0.029382407449607406
127464,0.16608697150008175
326738,0.17488122378923612
201062,0.04559273347586733
209980,0.12548069454065555
337642,0.0353002411257555
175660,0.01700224599191161
294834,0.02446504522082643
218832,0.13332345374459756
194603,0.03668206028734795
223839,0.034850426191006735
412128,0.02467945417447412
242779,0.037748552728076284
273985,0.06157580492209814
177229,0.08482298315034517
102273,0.04490818318010427
299463,0.05609851137330692
331370,0.03674372495080937
450148,0.10482079472736323
359367,0.044662597303822084
160672,0.03721740223042226
201234,0.0534611370534321
179306,0.04959397043746219
322383,0.13691892337300793
349802,0.06134737694067213
267466,0.20302590737022
236727,0.11756279028402145
450291,0.37862624754278285
325969,0.029975462161953147
277121,0.05777515728597312
276164,0.030024309214141634
384847,0.05123052162898244
156463,0.05357834161138994
314038,0.15184726242764393
368263,0.03963525459424921
203339,0.046756986494555945
365923,0.09590582617966972
255230,0.034502766441389145
407340,0.030282822998683883
135166,0.03125662812661828
295372,0.05379387459518744
225850,0.036361108233303005
445483,0.04324612531637906
311509,0.029563116030917776
286088,0.147826725927289
255106,0.027901123300197936
288706,0.1270757503195199
276442,0.06330760680811572
341640,0.1755290751606825
265858,0.046180303028699396
216621,0.04129632565814037
268645,0.1108688058950843
235769,0.04701189683540492
108362,0.1235656829262545
379501,0.12490983349726509
189034,0.04163434782923671
432988,0.0669097198217241
123039,0.03126904531493336
138968,0.07651147502924141
174412,0.041522549823718564
142653,0.051763031106882997
237815,0.05330279035727513
315654,0.15301905056890225
162284,0.047664571491187496
257832,0.06026754529014178
385145,0.0719638196083196
261197,0.14611651321852365
345821,0.07421085921919494
362376,0.0830540390874407
335397,0.03247889354864576
430155,0.07909116238375294
312119,0.16169086378605882
412030,0.05922305270780879
224664,0.03641367524587093
208303,0.13634200464138901
153395,0.09696520312481241
115412,0.04121788004448641
215805,0.030802404289268212
117012,0.06468448271799436
332083,0.06538361918250432
162118,0.29003821364060467
301426,0.033286435772569276
445845,0.05602569729449061
266740,0.15896474022520574
233892,0.033835919044274326
212654,0.3581514247329478
265170,0.042284218103159396
245452,0.04959291191596552
454293,0.054565412715173504
253357,0.07584523106336823
260484,0.04782127923679057
402052,0.13919184700810489
165455,0.038366667676009034
250596,0.04596881686803884
192705,0.029046523556801103
264112,0.07315590288310189
247108,0.03539721658452616
428590,0.054794836638494264
255675,0.02570200155375428
367089,0.03480966712357379
157159,0.17770570832808077
216679,0.0546296736777387
192172,0.26753524093052833
130779,0.04209618382786558
183062,0.026055991136736976
455960,0.024922610870346796
198378,0.04545755580855748
351587,0.04340256889745487
353973,0.03995182285085949
361913,0.035781088017747334
387372,0.12838530043765847
412456,0.02585231234365562
128116,0.01722182788816693
415001,0.09703101013944879
221311,0.06497823182545884
321548,0.06345233105490691
322841,0.03270718158882486
322893,0.07556656445649274
418585,0.0369819093261093
344835,0.033489730337150816
224757,0.06115715987305623
163989,0.07246591912180372
307963,0.04203787792233672
242851,0.10399356626044501
190117,0.18251215654070074
109984,0.024962046214972028
323475,0.07342373197982008
441778,0.12644793115673952
307416,0.03838912839631649
165846,0.024867419840429936
408483,0.03105950478254164
436528,0.04915193980454044
173588,0.02659893097362579
122477,0.02453684170644959
255733,0.02666119986927945
366884,0.04832229661565917
219057,0.03955545330296268
154839,0.07737746620940522
140705,0.07255733797596708
327393,0.13470176297357217
173959,0.09616342414587555
400584,0.028679715977979896
195129,0.06401498364729134
228813,0.03237398491968633
238278,0.03751563250323453
229357,0.03795970814201171
180702,0.037011273291673266
242858,0.09645519941554552
207027,0.06155278383316984
186094,0.23901466060347487
451160,0.046016020674032584
333845,0.024211432017118825
216433,0.027333818815707893
371333,0.13190580983011196
403715,0.034822873416196574
401092,0.050985986955121854
114772,0.1726969045654276
336938,0.057390396825843376
319602,0.019061903657158496
412775,0.041281790249423224
239746,0.030014271912659755
152171,0.052976479097985016
432553,0.02756566482833818
408993,0.08209626313519029
267380,0.026647270264772698
213675,0.027022916001253686
383184,0.054489297857416165
308827,0.033984917061356944
280777,0.05752058345029988
215395,0.10619008627506035
233512,0.042366580578996046
407978,0.06863560816926724
360199,0.17778192772952847
255948,0.029549294249210867
106054,0.019486521049602166
317210,0.033266871028597544
455695,0.033738603510437504
369184,0.2818113760598561
107801,0.041454764668392236
197959,0.026149827277002574
278469,0.08467819360000149
373778,0.03910152305892864
330791,0.023042223371595602
119115,0.0572291314638377
124095,0.05404238861227378
311683,0.06353349766843104
285354,0.05798339593144054
337369,0.07314087812965185
450478,0.1695934122033656
285514,0.06965844181887867
434922,0.1982464483567165
366677,0.05426828004010059
214701,0.04289811630204832
363227,0.0699221506314397
308251,0.055330570811850166
325948,0.2560653758435326
241381,0.06001157046182378
419173,0.05128301039788261
196623,0.0626180750833735
333388,0.07426396536164008
320305,0.10964129514047544
370323,0.02307615392399511
146176,0.05724407479847416
115415,0.05703896728620349
147942,0.05218673895340397
220019,0.09073953605537055
247646,0.05081468332196821
186743,0.027837184876685094
340162,0.03566044991339284
288276,0.04325230684318719
424831,0.02238252091945231
145309,0.06512585017610598
415525,0.04105993439329459
360225,0.06026163509378991
226041,0.05523974136410216
267247,0.09650558676853331
175097,0.12121241776363871
244058,0.08293092340204392
251620,0.15235579248974623
147008,0.1742425736437679
328539,0.03832467598748698
122271,0.056680055030230145
121621,0.033670930234003804
359360,0.0753535807368113
336491,0.035721841436327346
149988,0.041977155836781285
446478,0.023992959275604298
407555,0.046038123116050364
203869,0.0412314480747795
275091,0.023599141368564048
141358,0.03999393629757553
333570,0.05196533959606045
248694,0.06741192881507985
316479,0.06995605371935493
128957,0.056008704776620746
284348,0.031120685090722182
208948,0.01848051174872775
253945,0.11670935388942137
405120,0.039843178993671825
217250,0.07424478443573533
145383,0.3082086570304776
365497,0.055103429063185126
122984,0.2683077253635428
157292,0.044609911802806004
289667,0.20184258472280742
296428,0.07262064756627268
413984,0.024630765329424334
292043,0.05905380671543296
342860,0.12527474447794812
258560,0.18702458489579493
234025,0.02420247892368843
207727,0.03285603916609351
227058,0.04806193964049504
411969,0.043401203642561705
349187,0.019407129445235573
346201,0.06948924057073462
429373,0.06612977392994737
241797,0.03503858985284978
335198,0.029180345393812104
389225,0.16168478589161742
253555,0.12837564095338194
404771,0.030143475939413446
404818,0.02938134959019271
255706,0.0367511177772489
408990,0.05628928297539493
250878,0.03200481894836529
456170,0.03079658837058031
154158,0.021819082846993177
104611,0.10348535784501456
397507,0.2120068283269979
242816,0.10789873399446773
403802,0.1452221567243906
405671,0.11900656636975636
171181,0.08299185139245495
287804,0.10033150883506818
406138,0.11552289436809055
403527,0.03791923240186866
158114,0.05193481098566725
432452,0.11543311695308964
363777,0.1257126363349498
147792,0.1125558049487301
252840,0.059420940209781024
368645,0.14581139465542603
443460,0.07232986537252832
221223,0.08790974394141973
349855,0.12503701975760564
294141,0.038969160733913384
346860,0.0411814638854943
146097,0.02463390468913674
320869,0.035266919296029584
211986,0.0744276903654763
194229,0.20127588215813325
184831,0.10383653993894153
371207,0.17359965000358876
441081,0.07845794604915428
278673,0.05042997408557119
198775,0.12327453142669395
445938,0.023689522392503774
342239,0.05392935864781119
336986,0.019164896831929533
176537,0.03103500549864927
274348,0.045065498096536497
402454,0.23122995465103616
350599,0.06159498526234894
414830,0.16272157504537013
185249,0.07649000998371841
394132,0.09904965769915686
144665,0.03265372755289382
420853,0.03309492005454817
179967,0.033606441217666434
267716,0.034063249915017565
155988,0.04721904574440408
340823,0.03711077116775794
104880,0.03846483931336321
122125,0.024752759985930385
111391,0.1391740859604702
431976,0.022799806992563298
157124,0.1336380081463607
315436,0.06832325952852193
300981,0.09287942210622196
328228,0.11301227345275063
176888,0.1602111988996414
252016,0.06529725259787042
281634,0.02970892418588793
424734,0.17928127823141618
313334,0.03222014175519104
331141,0.044409960369308096
427156,0.02751599592428513
436564,0.05477912303262357
283437,0.03813657808527147
376311,0.05085829954792252
150576,0.2953149577955556
234291,0.07508983693611496
355657,0.05063107553957921
103336,0.11893836212859063
435610,0.031218246546858543
227506,0.06126040766695779
450182,0.016808889173283614
204468,0.029993755397598878
280353,0.11966855044316035
327928,0.08525897789504693
448770,0.0397638916334937
302425,0.04617775857214056
383191,0.043512204845897226
395459,0.07287979639535842
238702,0.06326487677851311
113957,0.052930772274433054
231290,0.1690937403892407
150889,0.03521315877026803
434920,0.05372101349679239
193726,0.048507158819507665
373118,0.22948798234360446
218476,0.07259379230581167
137590,0.023334275025462675
154241,0.022046263696318326
153710,0.10230492564099668
308023,0.02633767718276267
310972,0.11698470447567258
228682,0.08640644853091811
397128,0.027918867384142787
142120,0.02563103179050546
269067,0.14006139088287806
285367,0.13916386992148044
318268,0.06767761599650005
424780,0.04835792687421392
435308,0.03555487788759365
339121,0.129831145666429
355355,0.1656359765751047
157970,0.04466266674774849
292181,0.15340081674660838
355981,0.04629834078009106
123619,0.15051637725775435
108668,0.11728772220959979
254040,0.05209587767859891
318946,0.08635690834236288
317940,0.044355377106714354
317237,0.14348427938447497
179630,0.038190144852689005
297681,0.03697807027296061
103184,0.028721875998758382
317889,0.058760502723322935
357137,0.0693648076758632
191963,0.16052912309081932
167638,0.04714397786652372
376495,0.30059962005424773
348822,0.05447631592298208
428162,0.1474924933344767
414359,0.046149267949000226
251336,0.14482064338081785
118127,0.2711480048351019
379510,0.058048295016053825
417159,0.027150086579955258
115580,0.02948933050750534
252774,0.06834374806483567
157966,0.05124226961226677
287922,0.09927326201066192
125552,0.0324051713664118
326418,0.053564937246379306
318686,0.056252628407245604
330837,0.08527890239520461
165530,0.12882728408094923
291584,0.3137349551194072
262321,0.19519830922709172
407053,0.03811058029031657
308410,0.2967487699801944
303264,0.04145046343427886
134045,0.03573707263724983
265961,0.037178812168848885
412557,0.03944864395185196
243283,0.0714562091174331
329893,0.07212191089251861
358342,0.05123969624706506
160028,0.08729331775985869
403422,0.03465009570648391
129442,0.052199240393439816
131352,0.029236941748301232
172547,0.06072010764969802
316065,0.11990668083287612
369767,0.037466303852368626
170953,0.11421029926610474
235253,0.020426993992187774
120759,0.05413976633987158
266329,0.0455263511549968
414960,0.042333208413226665
189966,0.15320446858738776
119391,0.10074826113422483
204228,0.04706889138545685
142650,0.09030919220982792
419791,0.031582543517871056
229117,0.12003781957182859
427646,0.04059401773006142
286169,0.046122051022381066
201630,0.10846120289731485
437393,0.02462167597639804
265993,0.024780326143382454
254837,0.04756419405007839
146815,0.07064740715250913
333262,0.02078883103788408
190461,0.13545570614435523
390011,0.02741364699322165
144390,0.03851661295837407
390073,0.11350634702034007
165171,0.03296549285142724
284152,0.04393363486646967
323312,0.03723466987544959
195891,0.035281505575563164
364310,0.09960046341767295
405402,0.0420942329533263
386255,0.061905729097820064
188722,0.13562663769029562
117616,0.12399222499690787
340104,0.06315844959004331
442902,0.04082395438902436
115396,0.2007382479648438
447235,0.042988119624548286
203822,0.03202813190183823
283523,0.04222888212411208
269149,0.08601814845354144
442468,0.043032498230397995
351385,0.03177665849445247
146984,0.03305048473753869
365518,0.09425417929097102
188875,0.24249692663159128
398862,0.08420980926155934
273503,0.06923164996891105
216020,0.1077316042730869
185919,0.020319591197802033
315644,0.05088690145564696
176957,0.13762926227203282
353031,0.0727638770300114
400936,0.05363754140003778
424241,0.021284775926934018
348833,0.1262569283526035
191371,0.04893172850531799
132732,0.030140063541885476
224363,0.03078479756134713
419141,0.03182922492138233
183832,0.04196257920819436
169048,0.12122096709341676
399160,0.023265877430873834
136808,0.22197832119485053
103484,0.028724865280010954
111318,0.07469534876717887
195506,0.159719898007027
295711,0.16048151151306145
184074,0.026972293627911887
405906,0.033567006854669124
221059,0.031516561108425364
315198,0.03707500028626638
319949,0.04845763109880733
386774,0.032615079128055634
178343,0.04415768163274113
183119,0.16224070347276975
277673,0.02252932822950733
287796,0.018278897444478776
369936,0.07811978942476043
333268,0.05155611286752676
402993,0.20261127173505222
326284,0.1144036310476037
303817,0.2661748137912256
320561,0.025305051509317784
131906,0.08453336925989627
438662,0.035452284848698445
126689,0.03822434252252632
113410,0.42361047568457394
370330,0.03391955632925944
320429,0.1314979771773037
254850,0.08908017210934335
238361,0.06468061497150762
283013,0.2087228736547117
108592,0.02498306387391283
292735,0.021089907934154287
198331,0.03228038820313694
427054,0.03249401056688094
434735,0.03725014564674241
186170,0.03345405168016245
453314,0.04666324915220337
217342,0.1097365249846868
292288,0.14494648936261895
449364,0.03937428954681653
379123,0.03925916301603723
237193,0.018558315956991853
377362,0.028035973846389964
164892,0.031788624600689715
373328,0.0502721468136752
453113,0.023301424171076092
376537,0.08309191944783273
239801,0.146689411047784
270317,0.022635049350210566
350480,0.06445272665790862
355237,0.03144319846769386
379080,0.09131428712477116
269623,0.0357045283932253
171497,0.06550507991305816
270753,0.04374233266293183
351740,0.05225179002089608
121215,0.05847084973016002
106527,0.10360878998527674
158806,0.03206965734299234
130966,0.029539368980351706
147127,0.02396040791315599
451873,0.07681626417082116
313326,0.025119280864377067
449760,0.17027280256281396
438721,0.11724181433903022
323005,0.026160171142547244
408015,0.09771435966229092
140563,0.021590740016292354
407692,0.058007792941944726
293377,0.041835902134142615
354738,0.11213546010853737
452545,0.03114732887191107
295056,0.08320475123872317
172073,0.12235264014826625
210190,0.027676676541786717
247758,0.05510705557461238
110989,0.029899131820616084
116726,0.10618822155648958
242970,0.08311217324900408
371417,0.031169149307016777
366078,0.06199100968516309
183475,0.03031426992664003
325714,0.1690320070017381
207054,0.0632029340636339
364948,0.16182980668841598
364105,0.0986856715991781
317593,0.12814431292006515
423132,0.03669494328152278
444933,0.03473737464615441
212238,0.10263764527078742
308346,0.10876882964226994
383433,0.35180602126343896
180318,0.04806193102002626
126738,0.11738647037226216
394943,0.07820467719409978
326785,0.05727439402904815
123851,0.061268942965754795
411939,0.12718614510254142
429415,0.10583648449111961
142921,0.09107162922532325
355870,0.04056578484474491
168521,0.0501028543713318
147061,0.032317298603139595
205879,0.03299795542871791
170284,0.031942160335147955
225766,0.027540327386246594
184876,0.08772755396035367
186960,0.12445479640846402
399585,0.020697235693668783
151558,0.02923481323105985
332786,0.07104897433899228
411217,0.04720809512707501
257244,0.1578725978096469
440425,0.02554533424204124
206806,0.16232048537553578
114667,0.040178613103401525
246849,0.06415612039765295
228102,0.2504047899635212
166309,0.03311305217809608
137591,0.06971998215200881
168107,0.1085318504714135
132276,0.038518978301796056
224270,0.045154838773333233
404689,0.052138674341903585
332759,0.019849453842102873
187448,0.042371667436246166
332266,0.0495190832062371
317083,0.03590131130991625
323171,0.030642714546701245
239104,0.03266306313682655
124441,0.05229604852112163
337546,0.018204172538363234
177460,0.11724377275300837
187585,0.05941600800262781
185332,0.19673425711904508
420260,0.021114570918275722
285665,0.019930256857473537
398967,0.07785570601014691
349363,0.02178192176734623
169772,0.03808614881607096
167751,0.19379862957006838
109000,0.10229275760609004
246525,0.08412891115888053
217383,0.08016914847169317
111182,0.028553147954317785
320297,0.027417657377821383
279713,0.080031937321183
229074,0.04106016995464469
264875,0.03134739099771407
347120,0.037865590090952375
413757,0.0393118606709185
358911,0.025378255540277568
194150,0.04417287504325956
177065,0.0288717678255017
279439,0.020096569358819188
303551,0.05175450556776355
431815,0.04874055846033353
453551,0.022494510461048896
158332,0.038997420266026414
224651,0.1244886485959239
413478,0.024135685268733355
329605,0.02642536575016133
164148,0.08111683484239102
323620,0.17505283819922174
362308,0.27803458955299504
230517,0.03629521923634074
164972,0.026177636502060425
156782,0.20677686951988206
221080,0.08728543768595037
115500,0.06706907344461163
157456,0.0464065173179737
301195,0.0853069406555134
207043,0.19629117947853142
245992,0.028334494293663526
445972,0.022420841763583797
355584,0.19377093298686632
211062,0.26307524186660836
226539,0.02410452948847796
301588,0.04064095199051054
134765,0.060343535681207185
366082,0.04439520766339008
104391,0.04467176680204406
110766,0.03086166889712336
215791,0.043453071886224874
357215,0.11035166905563362
215064,0.032009205694218154
449745,0.025117691449781383
407927,0.05265545523579317
217795,0.09060352055290039
446643,0.07245378877977234
162031,0.33055348972013476
263799,0.021846272667144118
307384,0.04765019533130789
297389,0.023279550066372404
371332,0.07395957465383546
146535,0.05294275616004459
332574,0.17632581739234449
161283,0.04822614806610623
264095,0.20107980493309002
129003,0.04285477109318505
103286,0.02361171853626182
227912,0.04054396758700146
367651,0.02561957532195295
231343,0.05006450387792012
436311,0.06467676146560694
193464,0.029808703467190834
237475,0.06191146439997139
265895,0.5061484563445837
267738,0.024354782089904107
408580,0.0843911552399568
369788,0.07012312302457008
450110,0.02759015400462505
313139,0.03755412027082988
276359,0.036022522993895856
303277,0.06088306104524992
273289,0.08594057838405592
437157,0.11181517943570446
326074,0.030067590880118136
332694,0.029286549470361942
314894,0.028904741403698444
106881,0.05434941227284283
233858,0.04763889289116123
110098,0.2009992369307619
258842,0.043285093525950884
431080,0.12215703182469632
402708,0.06195131810823115
209665,0.08041220785254957
374101,0.09101857163897165
371901,0.18559088089711384
250022,0.072425191999087
386254,0.07920259514562245
202079,0.09826057525352226
319475,0.02455408506993167
433785,0.10267306128636045
229782,0.06578858317908055
325380,0.025383560221194482
428690,0.029019538969554955
361252,0.08510416683117146
342322,0.03924816267654501
149471,0.020459698890851738
164822,0.03373137710394806
449213,0.035602750239655506
117087,0.034380495810420235
306576,0.07198167024006889
350017,0.0520545059383703
368484,0.04468258877046387
323956,0.06456685463150488
279110,0.13493305432545735
120921,0.044807371336954525
334871,0.026608323180870835
208170,0.25304867239091516
349992,0.025573993083151614
162420,0.07795348862093984
453403,0.043799345005884276
145677,0.045591310418387695
105802,0.1144518369567952
389714,0.017481899207111247
375485,0.09881801341140922
380785,0.0722679932085742
342451,0.05938399581364984
381152,0.028247633016111356
313830,0.03389675308784294
329177,0.17706664836868236
291696,0.2776872873785352
177275,0.12253949306516061
360882,0.057794783755241
206747,0.19925878569632277
283438,0.02427300655210078
202573,0.03622529592663536
427657,0.07703864961791554
270861,0.024877550914886682
163729,0.025133861989072852
229767,0.031655006587629084
385142,0.0345885086605817
150289,0.1496202403665087
129141,0.07647531989069045
180323,0.049636681754302046
233509,0.22541766365140187
281007,0.10691180579999776
251965,0.06467007208940254
336199,0.029630557787173745
446803,0.21711191901086765
346723,0.0495508023012166
401751,0.018369893383422018
198309,0.02979437790491174
119232,0.0450809363849157
242319,0.05339129263028969
394445,0.02837224255601824
266380,0.07611603237194632
430639,0.028440910720634243
263803,0.08286520044306055
185349,0.16832119764945916
271675,0.13100984193192727
338804,0.15039600714413798
305826,0.09980141366374207
142727,0.0612280651323373
246798,0.05143892663024072
249883,0.04577878519826138
107847,0.10731321924414716
226720,0.07217968937847978
292968,0.044308055170737194
205822,0.052019722220606586
426192,0.02734503223172631
279300,0.03512041071944575
232925,0.022775421205471755
253628,0.051523448580863995
264451,0.03341665979401478
359038,0.08050168426831711
390230,0.060267745254579216
212293,0.052878699271865684
132767,0.03743205140207137
186490,0.0841668193603801
160398,0.03741889372416879
123210,0.023816697071525648
432696,0.1666970776302307
225351,0.05153407006661109
401067,0.07386974341301938
365532,0.02456399152045179
287732,0.14811763978108786
201544,0.06638624872373548
174072,0.05878060317596327
242148,0.04499215368893003
150845,0.03324986390231195
403944,0.05842194544994306
255319,0.06317836250725338
214315,0.04660004665025523
357005,0.032037543330880804
398051,0.2406495118663983
201442,0.07694390137899484
323324,0.032240164344716785
395940,0.0363175646047907
238270,0.20813321896447085
108985,0.19015333349542507
287764,0.03806130255894169
438979,0.19083977819522857
266805,0.021979971297079938
336101,0.026469674657167073
204403,0.018696886961360196
141596,0.18195884682838176
314986,0.0215013788480004
384198,0.18649500889509626
247802,0.10397885257260163
419582,0.13554041870633762
350677,0.045047940267570794
221327,0.03905416185520032
443854,0.21192915737825174
358910,0.03854340295298955
117853,0.08084516447740844
447745,0.04863682097890196
141644,0.09781812770406575
411974,0.025270085438488337
218119,0.04017699897308548
307561,0.03705508354181244
402263,0.092968879954026
381734,0.028712751915084222
398676,0.04960608037110115
340610,0.45237724144252656
323588,0.04713533433534564
166994,0.06543460867680172
207428,0.07338370727940241
166521,0.06977897802216954
431931,0.06045735267143451
392317,0.1307882975861289
330299,0.03233430563857302
221626,0.023011445296711147
229130,0.10948475341530249
394857,0.07252515797629523
144324,0.2006338737516041
114501,0.057286846783070076
434027,0.03149138382684919
182450,0.11131272765422065
130528,0.031345928110273265
277701,0.030925382905634173
317730,0.11745991267246894
345021,0.019069930514937706
428636,0.058692724819026335
348216,0.041334563716764736
406051,0.04730848321964136
302145,0.11951087445783884
132211,0.09090188954903378
427041,0.09941615411036733
154974,0.02731647842770301
196071,0.0463444960104962
223688,0.03702442990581576
318263,0.05002275993362144
248605,0.06391658369469468
343990,0.17636932140866302
228295,0.03935311411593957
216655,0.28623344927299454
373480,0.03732251333462051
196242,0.06847451903747695
381449,0.2694065413181694
381421,0.17116413177529516
263243,0.12474171818151017
164142,0.04107074917437759
120936,0.05359214978135705
425969,0.05848442354488111
106804,0.31953439615168444
391327,0.03086639890287657
409443,0.2486470085245391
427048,0.12247531123233085
337460,0.04194168589694279
142752,0.02588683944481987
255832,0.04898917920009589
165624,0.19264430647649605
203366,0.045416256578125064
123091,0.07190484560654656
321092,0.019275737722742273
432282,0.04783757561345336
424001,0.03963598498577797
194149,0.03900881117789241
269750,0.048600700104351066
162630,0.1170989856425938
211863,0.27431609173207844
235592,0.06995617803673804
407648,0.06294114903789808
422748,0.09285031564609939
284283,0.03498577158065184
271496,0.056149144597681874
143593,0.11020486823158211
375182,0.03291261179529428
433392,0.025832964142666892
232279,0.02973203284841231
396530,0.1144902988817792
434784,0.09843983513654118
296758,0.06602167494507549
257585,0.03291546106583492
138480,0.03037878068893135
392423,0.05113690006999517
264744,0.0345956440015258
358884,0.08441181188282199
391461,0.08110145458910385
219935,0.12483906948653901
196585,0.06572882976647429
184318,0.09888928123097274
119012,0.09293959060136656
180550,0.08597417697346596
266833,0.03420768313375296
441354,0.17859697422977874
346536,0.05615058129016373
403960,0.23374326048556535
163013,0.24851505950784347
288838,0.18301861940304054
307078,0.01887563002350131
181465,0.05247554588487939
388859,0.1540917290185093
187991,0.15020404814427216
297898,0.04010009384157772
153519,0.2195360413617465
344053,0.14878358609783301
374452,0.08539182814812807
250469,0.035881255560312325
344660,0.046986492141189065
313426,0.09622816708227933
212874,0.0633157151138007
448817,0.17996991586402175
197945,0.25203606366042813
188232,0.03609710292285967
205141,0.16353835323875518
408874,0.15695543040679444
368282,0.08890663590746642
282399,0.03790722102759243
347736,0.19214809713293668
271135,0.06791540919224807
154043,0.019158248734239016
116584,0.02533285258472748
442452,0.025179926883856354
334397,0.02760261788735365
174590,0.0498786479859091
203195,0.063860461390471
407832,0.032825409864195625
186859,0.04708761425942828
181555,0.05879749152826354
169911,0.024460031048140273
421355,0.04869962647090635
102158,0.1472403506442636
353821,0.027161905507227628
343165,0.03123494769348365
316815,0.09634206405093755
393641,0.08556761390298137
202165,0.03206707724071919
310204,0.02446987701260083
254316,0.11806554562651908
336891,0.036385942817070194
354910,0.20084546709494117
361946,0.01844084505301255
391791,0.05249808001107754
263312,0.04773235285115663
129312,0.038859012740595944
450042,0.3699727720844535
364147,0.04304721547161021
366784,0.04432045609279728
262554,0.16270236745043762
199965,0.1557439889323678
345402,0.20623314496050799
102340,0.031139489504282643
399417,0.028965112080731145
251684,0.11612893257993506
283895,0.0284464964879342
291103,0.06245209865164968
276242,0.042106228500132105
418458,0.14206513255171616
164152,0.036946498485855586
335204,0.1544687352588623
429856,0.03461201709000402
455223,0.05031388875725114
444136,0.0356048829383179
411080,0.059047422998090016
407313,0.025204007990988795
204856,0.08784126805359957
142160,0.06582420581387491
188282,0.04518770337417863
166215,0.02029202576935074
326464,0.24596764614820432
357865,0.030005880484519576
126880,0.035547679522553444
276717,0.07054078482108278
201873,0.05346343648756524
189843,0.05655701379444608
252562,0.025973304529749202
141215,0.35375636197531307
425395,0.05529509067275484
363733,0.03784433578571242
305019,0.059853527970639045
265110,0.028222332520954328
143191,0.02690838568992951
312115,0.07189960884073719
454664,0.07316154554650002
408386,0.1157913773289783
333904,0.13995291721635966
330878,0.04284022779978926
447842,0.23163278081640754
191876,0.06711433205020254
336660,0.03287718940824776
355503,0.12821188278430348
294738,0.062138785650190397
119321,0.12807991191188303
122136,0.046161752290197866
256195,0.13910864605267179
274881,0.17909044746032848
445401,0.06022984129329551
134972,0.033280342149483666
387501,0.059091931622287264
182305,0.022370901930167417
233301,0.020368542504984533
301787,0.06392621890421785
301422,0.04742817752430334
144753,0.06915367037834864
364248,0.03259506683451939
191869,0.07986374507835463
223040,0.08361433058074066
337746,0.019597496767108057
259876,0.06780286126583607
405317,0.03798438526909882
404474,0.030876237658951824
384866,0.27634226942829854
445766,0.031654949689978146
295367,0.08010219752089927
415486,0.02377873667298242
420207,0.09138601280720145
333238,0.023098417761715735
113413,0.06318166711185
264786,0.10657261063631239
395880,0.03162076445319823
285863,0.025550914875528546
376509,0.07671422334289155
130278,0.039717194557442034
194026,0.04529455379322522
395095,0.05891495802044545
455481,0.01938037662821509
305723,0.025197224429577565
248726,0.11166983930218145
131130,0.04772475341694766
248905,0.03366670217555688
309887,0.11225222554293685
419538,0.032343807532862055
346887,0.02750111298565481
165837,0.018399346975417518
196619,0.046089050243396414
183193,0.07108743774792438
429511,0.20204761783372566
224771,0.11504712474941828
327871,0.044548207626217966
279165,0.02025342921249281
101090,0.03321058008147225
174924,0.04686351120690726
101213,0.08953167363542962
142778,0.030369679274571217
124648,0.033971944266215436
201143,0.0223829341670808
254261,0.0816752158565262
352711,0.13140691731417337
326624,0.03990290157896277
315725,0.07979076187614194
142988,0.03982204914935498
110026,0.034979833473500054
425952,0.14473884749345733
126791,0.04677968848688053
193028,0.0386155934352847
400069,0.03476432702189353
340509,0.06136212922223298
306845,0.0700810883088658
273359,0.0244210131902325
350612,0.02892930889031713
103914,0.11679040955562672
281056,0.08003076059188273
389898,0.037207685652181584
221523,0.09919004742362234
204623,0.028242152148233397
298600,0.02175600025658241
205819,0.021184550555474878
236885,0.04167318869312979
391353,0.024264063260913897
214915,0.10220554774750285
313410,0.13659281510427246
157958,0.11364073119199584
202457,0.02940588309380389
410025,0.03942513116423191
273968,0.04608493481157402
352690,0.06862922424544497
162334,0.04174863436379022
374518,0.08268008009794639
442896,0.08785240472641909
431444,0.08139869201273141
128428,0.0331423958857196
367023,0.07179197414290227
284309,0.03487064648902265
372453,0.027541053078788527
436836,0.0932019926321854
299134,0.12070981177846035
315503,0.03245573248326523
334286,0.056811675884251414
147463,0.032148531809234354
434036,0.03171163643224808
264347,0.3708060766757116
223526,0.03612313672579387
291449,0.020110874146617566
193075,0.019703229682342345
389603,0.03204482713387595
211804,0.05377804615173228
286864,0.035970764325226307
277419,0.08361251697063807
452530,0.1950236186021338
346822,0.08526732980884039
233310,0.07724805045828695
251920,0.04177063652127073
393625,0.10322453543907331
185363,0.07766693347824725
364537,0.05110757243839243
260820,0.08182177796680634
249720,0.0881517678860874
180092,0.042152390097557044
391517,0.027443432439808697
296926,0.08045650869568505
311146,0.022217896759434492
224268,0.04313367410242301
152562,0.05967394388522572
254116,0.12088464486113004
117217,0.035919051548489275
169974,0.048343306445745575
143339,0.05062562180799747
249305,0.07191530194513139
438074,0.041738808049490414
376292,0.036262395260827016
102755,0.04969443436533171
453244,0.08224206288939916
137809,0.049763043487646465
147138,0.025993106641037503
209659,0.061916317559105996
161572,0.04009254660043234
335347,0.06591329424678727
250311,0.02053253603062044
167698,0.02298020654929346
361497,0.06853052252997721
442158,0.0648435987924973
364877,0.06062787844240945
344427,0.027670862497195876
117625,0.35022377209070443
218788,0.04836606382390059
189866,0.023157242739121255
323297,0.05409637758408315
330708,0.08544439089345768
327751,0.026845182617356265
290727,0.14154303570143234
310779,0.0634497940517116
368456,0.07958447190003001
304387,0.09478221089249403
295604,0.02194044823234054
311801,0.04460579054710405
355417,0.01762188885879667
306051,0.037673819121346
296062,0.025189064567354667
121059,0.13102240742955254
220781,0.05872687897130595
143652,0.05444480556552754
134448,0.027542179843832622
404328,0.05160692620469278
377775,0.19088302243485877
190948,0.033838792646660655
362216,0.03309308360253258
279285,0.03615454771796079
423055,0.0512908981767365
126448,0.03545355009869383
117402,0.0413535844679791
307134,0.05987628350393672
323722,0.05085793649144492
235877,0.048996375830695785
433509,0.044148110584384725
440176,0.03499784883742746
238306,0.13338623767007307
251629,0.02766387559832719
402384,0.03991108309910512
440883,0.02895279497476562
308280,0.13601420408661005
279450,0.09204205009828376
351419,0.02682929740798224
246786,0.03662196248350163
401972,0.03520045698514511
364911,0.17161032635630752
391858,0.07797206922680952
430839,0.04335247966464659
144186,0.10810388481139424
208052,0.07815840420347264
368392,0.13611069896295586
425954,0.14179300266208722
204047,0.04014617840638888
205069,0.12345179470725554
108243,0.10836736579310188
315869,0.08646490009450622
277167,0.038793130154415004
230451,0.03005221108411554
123004,0.28079160579725815
145987,0.04269931806074584
329052,0.06765112861973277
449323,0.0359651496303159
383891,0.143677707116475
339449,0.06518434324602643
283283,0.027853237630136973
376534,0.05323259272999664
330395,0.10745923200582147
207257,0.056253466914824524
428764,0.08909571990740486
295820,0.030307956690046833
162584,0.14412213848651984
440606,0.049255435973162356
331707,0.10400239941362284
284920,0.11224578036623932
116637,0.03192783516076651
291523,0.01852590972171294
168403,0.019235497795981334
242406,0.06455024538730217
350705,0.1786555891621586
161467,0.11956452459800308
190767,0.08752950035654761
212327,0.05964559334708261
418614,0.07870639394825814
182818,0.03916022576217189
231028,0.04766017220825983
414659,0.06947395547170249
413765,0.04073156203596251
403386,0.05951893438128002
406968,0.06900924113638268
210961,0.030200312082768327
138807,0.02911115247889716
141310,0.29184080904809573
387329,0.0587978537570007
312493,0.1916485292699045
200557,0.14626636194228415
213312,0.16843042555051743
447246,0.18323803344024775
168186,0.0360313783182794
173020,0.16960977412903228
399617,0.01800678308763761
440886,0.019162117133658
350177,0.06189467245498606
200207,0.038784406669477724
393381,0.05096178283695538
126584,0.0556350412811921
355305,0.09649867928011566
397129,0.03999998462076307
267662,0.07958661354785654
440356,0.024902227903601408
349645,0.055460448537823476
125930,0.04050997234665247
455425,0.03469458592213516
158485,0.04192671395699313
222646,0.07870097119896038
183310,0.020645957344482865
282104,0.0429445548625095
311999,0.06739293563868508
232426,0.03995549512767928
384563,0.03805680052347857
283900,0.16639087471647315
448330,0.1357242896871349
422055,0.04563682283743339
349394,0.07500050648042077
337629,0.18534836525946846
336966,0.18270614620074746
368337,0.048133369493431714
332253,0.060284927485267537
305215,0.03124249394708036
304954,0.24131823260765264
425338,0.0514772083709228
425960,0.13913142077394117
142037,0.03441096868429911
344382,0.02598209199257162
159693,0.035999002824471535
183288,0.0686770076036764
131039,0.03968563080058528
248075,0.08608399018866782
226664,0.050322121616625075
410959,0.15271838367954949
283827,0.05004553739239294
442890,0.020275118615008494
439768,0.06946295667117727
175743,0.12477962416314689
147571,0.02615692256335191
356801,0.02722596014419254
312224,0.22838051983518515
293013,0.022784312425846425
345184,0.09565811427059948
152305,0.0472258803110593
188890,0.08469553266621999
238437,0.14867987480700373
231529,0.027881221225350326
367890,0.13840933383493154
254100,0.045736478232972805
440862,0.03424849398904678
150918,0.04973187531950672
188946,0.029099908233257803
242550,0.04752556260057458
281867,0.038463439554566006
415731,0.036316099907264615
222328,0.0907067319282695
443239,0.05359166940169269
104278,0.05101899808609489
182022,0.03846410117615976
327449,0.13489360607034107
286707,0.05216056132834075
318817,0.0708632613923003
224528,0.021500098981791796
324741,0.22476098288123292
428243,0.14781602237464533
354549,0.34190547278929967
440506,0.02951338132414805
339683,0.06506923847456603
164817,0.16457852110132912
440100,0.02968862417720477
432842,0.0871597299061854
361007,0.07528481000751934
111673,0.033630349483297295
203054,0.04856070618128274
448370,0.04540695392610351
406972,0.13702976916980042
281068,0.07901688001034313
227826,0.06888826439886113
308903,0.03117758799092317
413633,0.10277011203721614
103410,0.06251545306919051
434556,0.16864996160447485
254392,0.055234138755286266
418607,0.028000541378998316
171359,0.028548324635916562
314405,0.1129025608115438
125488,0.02451736243058276
193832,0.046455183804480674
261772,0.03353006485827124
251011,0.25683607224060573
210157,0.053977048067700616
417445,0.10210063014345044
244428,0.06876124934175626
150744,0.037575534230094215
303804,0.14793999357592036
279232,0.05537675880358705
175665,0.04027164224547247
188739,0.22492309495350474
326182,0.0884523311313304
122234,0.15692977949070264
389618,0.14254228830007276
180067,0.08819844209953433
317696,0.04303735116983605
315194,0.10915891741942739
238500,0.052618713352712676
171346,0.030833562211663057
233810,0.045404588602701995
420855,0.06696529358363429
148322,0.056094329660226705
389420,0.10472337019334059
108643,0.03212088418065665
226301,0.07720484586854501
307205,0.06741716033151714
129358,0.200647659889456
256276,0.06163167777881962
382885,0.07756198540960535
165749,0.06885648806689196
101887,0.06097252346344646
279266,0.03179689402477729
331888,0.11554179613576168
226258,0.02945657444989577
172374,0.06734474447180991
105916,0.06444106720158038
194679,0.02375509097914463
124696,0.15842895980387764
344422,0.016939099264092247
253829,0.06324289709039828
327160,0.05243627750547657
111197,0.030668796414426065
158884,0.04202942441863447
168105,0.14323067619836538
181350,0.04719405504306333
106090,0.08926597967758236
112083,0.019766840960264
175519,0.03651034660543186
141528,0.035802998154219064
318274,0.09492630483286438
115404,0.02151763808414139
354602,0.041231085082776696
234048,0.05105378072904941
208292,0.10022578104518833
145835,0.0805690296986222
194293,0.16012685914778563
155771,0.09372805528892948
403980,0.12294676506773411
121502,0.023022592932325857
406971,0.10536413045461696
144461,0.026296836153952716
188045,0.03335592269822829
248375,0.13316517183212645
323033,0.02556032893174573
220764,0.054418154241566055
380828,0.049867164503675815
429809,0.08247839204247251
271363,0.3389184733599836
224315,0.07505031721604448
211696,0.03593148275456194
413467,0.04760794423671416
172995,0.04523073279211552
241436,0.02603950700560495
172635,0.12925305139321705
159929,0.06307999745417116
301531,0.039397956291748575
389585,0.15833644206430147
340556,0.08554738749455872
335303,0.019538659786287098
134306,0.07772006157922864
337821,0.15982012984259897
266714,0.07133884112581082
406719,0.03231118823774969
394332,0.046037337533198656
350330,0.04212940181091857
402509,0.08629449160321098
314619,0.025895581650921554
127102,0.030506193754952123
195291,0.022472502122031092
429190,0.019081246415972492
196149,0.07909318719227343
177584,0.0865455858156937
239168,0.07467685314621013
356754,0.06270799825209644
109804,0.04693731248879452
124026,0.03246081349817181
252630,0.036783148861199565
248115,0.05284815645241424
196378,0.048143693653910684
310663,0.057298275360664945
446855,0.05600168342418932
269667,0.021177222263685142
388204,0.08585710017280576
402426,0.02381044717071288
267079,0.04201585381048943
408384,0.04889962800341196
272276,0.05362429410435226
112831,0.15101189849770466
281422,0.06929065674639985
450897,0.05681521933121644
146252,0.02384951172182699
369995,0.14127258302962853
413324,0.03479442147915417
153154,0.06712369261975765
136605,0.1799888864720744
114094,0.03042715852975719
338597,0.03319103130670117
382153,0.03595595569653232
120390,0.048269050162146006
176890,0.1882169182749364
223670,0.09877236993481334
320568,0.03921844470188227
319489,0.06420895329280256
128770,0.04166428385032572
354031,0.0643450868564493
390558,0.2267811485348637
279679,0.02713048951993633
356559,0.03686035275109125
104646,0.04116014699841611
397464,0.049298462295526285
148319,0.025002079946285123
272381,0.031025812587703164
453220,0.019643640521884945
161083,0.10072742423374852
129685,0.030067675152510548
380979,0.06476025978830371
447708,0.07177008985166287
371828,0.05615217083223526
233021,0.23197641658247492
454103,0.026100222502827796
169328,0.1450458892010983
219593,0.11536790652937046
377736,0.025521279056407872
410813,0.0373676151756744
127244,0.052203782136942614
358183,0.1454197395265962
407088,0.023333427675401197
294881,0.061380434827729785
297965,0.0706464617030703
228933,0.041228255853088515
121243,0.09548932950887239
313669,0.05799622706647134
162029,0.04697118716112427
381463,0.04384877404843137
237086,0.02965471084737993
167273,0.14874025741095107
247685,0.08312301584340635
281957,0.023165323758798945
429094,0.045575002446110124
108018,0.12961483101279145
422012,0.056334310689608855
374042,0.08997650250971415
366709,0.0454700789404943
325859,0.02739282520269913
223699,0.17729372013889294
114875,0.042091354939045714
423157,0.02710252498900712
315288,0.13097364336434253
131257,0.10034748360303794
172101,0.1712894249835373
195330,0.027761985109218904
291593,0.025312566802824198
273566,0.06179727903843436
218403,0.06056290733474115
289777,0.03761369313937692
222783,0.17856186040168
324305,0.03285573342870821
120341,0.0410970188197861
121387,0.14653740768423662
445124,0.03479466375824526
139363,0.04770740996928957
255981,0.06716003015777634
139208,0.02097113079191944
153507,0.12627061036129925
329698,0.12130766698468151
150745,0.07508118330599435
272081,0.02996875584262342
411363,0.031510340308428315
325553,0.20890531245043747
406712,0.0678262466598565
165817,0.09723974945527793
210129,0.03532495997836911
394022,0.04296851207291731
288280,0.045527569113753316
383608,0.06407107779890489
224990,0.02366000242729845
165188,0.1667706631983465
376627,0.057466195168767796
271544,0.10344005741223382
331197,0.040976756102405185
146565,0.032416719862173336
101354,0.10794786790153323
110343,0.029292727447226906
431520,0.13498309593680075
367919,0.03135226617045075
248473,0.04260269358352174
155755,0.026898633710078383
113672,0.07415938151011374
318674,0.047679242987844164
326033,0.03237075841210654
346694,0.03110033118285695
264863,0.33148949214446205
299914,0.03368611319593549
236237,0.024790712655157886
448678,0.027875052165376057
369361,0.06077287216822358
412372,0.1434438312786868
276629,0.04406225881004231
352241,0.03887245848602698
451432,0.03820020330821615
226772,0.06569377085016083
448700,0.036051612553602695
381769,0.029392897689996277
357694,0.039111520641277715
268958,0.029195063849998166
170731,0.13426836760254163
163263,0.03822923853730898
333802,0.20658497399170583
271914,0.2478483602945381
308900,0.042509965429021926
359049,0.08445679267885235
355785,0.060909948251948905
323108,0.29972279571524635
266590,0.13758121597009337
428745,0.03343711469153239
338179,0.3123085346544141
294160,0.020002261656261885
398982,0.04548511925985454
437913,0.04547832561821692
371566,0.177490191786044
219273,0.07240896866815238
114068,0.02125521125412978
387688,0.04349930696781337
330188,0.1021362054242691
201084,0.08683195399629302
157446,0.03972356485127676
168349,0.18737436339461333
249681,0.04601276439142947
416696,0.21142291140691116
104712,0.07478692560871603
168823,0.03016102257043432
233508,0.18291730896705477
154254,0.03745791128079092
177798,0.035044865656558774
139201,0.0536342546081362
262847,0.029749071021606573
143388,0.03670231631904247
448338,0.038999179549313805
359855,0.034381327045272664
161378,0.035368256657900166
304897,0.10926061698729703
357915,0.20704034695030468
343126,0.06177867019139197
389097,0.1291675239318616
408471,0.06139112876743692
434815,0.04758190492676172
136929,0.1294844356286208
349719,0.1121883320614547
170970,0.050881777350014194
392250,0.04723911991220789
297220,0.11412904890428953
344345,0.023486085452778936
304790,0.18212319553927642
145250,0.06200938374821457
378434,0.09781106300579132
189924,0.04629178290286615
243747,0.04293160176040866
185450,0.03090923014634383
120076,0.025089615765569645
382887,0.0731457966151428
117982,0.03771484215190473
251893,0.03076712680719053
370482,0.23538543086857255
366750,0.0389212516870099
216666,0.17844589127107643
321358,0.04902261687596006
196075,0.02772532190098252
342154,0.07010496839785824
274468,0.030008587909759923
222945,0.13054305851179127
329428,0.018317225264216357
199009,0.042019676447538026
219119,0.03202801811523739
121822,0.08621658074843787
207198,0.03331800096423193
371314,0.03337218056167433
135967,0.04292140522725355
207275,0.08870986357846002
260051,0.12095266297417728
370051,0.02018236775514517
208353,0.05705569529054448
368638,0.08755936745831887
447654,0.07104797131192839
141457,0.01873138237345935
153734,0.08979216642128722
423749,0.038324456481231894
362552,0.04147562398384866
167299,0.14425568366297406
166095,0.046903983559036036
397494,0.018876334512832063
448958,0.046018440809242146
424800,0.02046397058026182
357200,0.05340090092365036
216740,0.14122128933368847
171768,0.25804711011140946
295374,0.043454311462408926
256875,0.04981160377153074
297033,0.10866441157399485
365718,0.02163045592794462
288666,0.02564883722751499
197107,0.11139903011215546
166197,0.06449132612380815
203350,0.040214540029080675
434554,0.18836420503678186
152735,0.026814630591990376
451586,0.028238186141682074
392389,0.11132698868874166
172644,0.04400403548005467
374519,0.029279211501143418
306133,0.08198242242887413
386665,0.07069963580715995
206395,0.17339793160506894
278025,0.22760126561037128
396752,0.1563085299417346
425330,0.03130367811821622
424843,0.01729812764581873
431837,0.05242350302335205
430975,0.022124437172150308
379432,0.04636419606306052
442737,0.046350551302430605
157530,0.13368445918977193
180867,0.05435318339052253
309099,0.15199639825148373
317499,0.14616943050041348
405489,0.19608060293174617
146979,0.04970396609939785
381185,0.02696844787011226
400416,0.07036323087298012
242361,0.116948970122757
324544,0.09706402765424965
121156,0.049149990766672744
142491,0.06490258138382057
150054,0.08069361476648762
328171,0.04705742848353789
407755,0.13256562100435998
212710,0.05869452548563456
354694,0.20710713532031302
127463,0.10301124461365768
224039,0.03199150957429696
430548,0.07587572130962647
385650,0.05446686508312354
301089,0.06882966364856434
400792,0.08476356340532479
153291,0.04265256980374394
391587,0.08006524902385373
256315,0.038018539267982085
339453,0.056457091506926856
393172,0.051323106749317775
285183,0.052702539295914674
144534,0.04194998350840829
125004,0.12619098759666178
201501,0.07185070520132206
376494,0.14851554685397844
112886,0.05113717485078669
202272,0.05132064372679321
269637,0.02690177765809522
404070,0.04811509133580227
234470,0.13193105321289178
438792,0.02865861510622795
440266,0.06878382380962367
290257,0.05805724184940024
262559,0.05780367601856526
292451,0.03999891113524394
320254,0.07694390360596484
331082,0.02920412795121439
399860,0.06182479710487061
250105,0.08630663122434303
365210,0.041372677312482384
429673,0.028683372496851683
122583,0.16390767675216195
345020,0.03522755263804857
278983,0.07177931842474444
373815,0.029983013434177058
431755,0.03914146502805978
425962,0.02308339804682136
408349,0.023783378636518145
210173,0.260164185635719
173812,0.03607720260329636
448100,0.05794341676650183
291202,0.042679018786251854
402077,0.04730250959698515
297646,0.026028073213955793
295734,0.05289543631289464
269377,0.0838049459309239
272233,0.14746920544889286
323801,0.0379959812862085
233603,0.10448441181926006
137476,0.0635848599198572
102205,0.06019702490298495
411754,0.023842657515803438
216686,0.02777163424181131
173079,0.044460414211977994
262914,0.038314414389437584
360171,0.035703844216787066
218551,0.026351394827305242
108249,0.023291195134764554
178665,0.07403634520928673
455243,0.0411246388752185
319396,0.08729243336018352
429602,0.024759278872442256
158365,0.026096161781058842
303007,0.07724897149343136
122921,0.060255564114992624
433198,0.06375857407117308
380625,0.05050993371353878
420353,0.02836449639442371
450200,0.06034464978964063
437397,0.12340131214080258
291505,0.08533214224654267
178726,0.07287221684483863
410276,0.17570050421851394
204756,0.04482287685935345
414273,0.09761617644101889
275077,0.07063570482356905
302341,0.016589425214488706
277108,0.1185390612735958
448720,0.13109494789348328
349248,0.049200515064641605
309016,0.053401522551403374
201165,0.03268794195859361
277390,0.08697846547338822
384102,0.05859106738174953
355434,0.028058279641058934
188233,0.04138258949200773
297019,0.17307037588060756
380812,0.02788291058113307
148609,0.06800344594554286
151948,0.19359631575305075
323043,0.11050060426292099
416887,0.09498863546977332
326528,0.03365631830636695
228810,0.04295074305796503
197275,0.030130797074442377
417451,0.17096649148881393
298713,0.11005405789821344
241960,0.09153239729702928
308569,0.05445248291462507
176240,0.035001021565593704
244268,0.07101157224555632
440968,0.09135430681357504
283486,0.03354121060139979
245568,0.22068523739214946
178346,0.0499328434882004
300284,0.03474729882418984
212978,0.03658886075998601
454021,0.03220721645311745
401428,0.0900732574173493
450997,0.035464026117000745
276848,0.18684695524944633
344460,0.08111346997980985
196510,0.04511967584765453
250391,0.0302933814075259
131922,0.06834706151992602
366725,0.05354065257980107
125029,0.08598639691377065
371898,0.0637014556916944
310093,0.08018868929760263
284537,0.04622708526037072
126549,0.15842660942287923
146451,0.14953971041985203
294075,0.166048787105787
247353,0.14547951719778968
100466,0.03513680529146042
275121,0.06137072429364354
334664,0.03361874015019106
180201,0.2065515442118574
297344,0.022055367655228263
249913,0.04916368546307205
409221,0.03953907884238346
294548,0.04456394843955465
221242,0.06042510273701319
209723,0.18454001570546746
377363,0.02155596624702566
244420,0.036119647971530555
223051,0.027612875881875318
357627,0.037031670358019304
225114,0.034248079222260905
451119,0.07456301061566781
285853,0.020111731196847955
296679,0.09297185665466502
365136,0.09619157830721757
136798,0.10062549653742657
294690,0.5099701310066267
294982,0.04576609306633031
376518,0.1838690274033124
403970,0.08827732188622978
293435,0.027956525844079455
322651,0.07694837163033039
398360,0.17405122652663316
311540,0.12640152224688997
102995,0.05822497093008356
193971,0.061651006863528736
236457,0.021490559332317027
238087,0.06571565871404465
164938,0.039791214071412215
152679,0.07311908861852212
363580,0.19995806679101072
254358,0.027034194034750155
271137,0.08140138864077284
277976,0.031181794363388346
150846,0.05981796314578277
400720,0.0575048206407362
133044,0.07501354010888123
321419,0.02349440705726215
118026,0.24806089440613113
416893,0.03654741192796221
446131,0.05137806211471299
157777,0.09842246792118571
255830,0.02525400442285286
451081,0.030707352437288164
385835,0.017539564133670745
259734,0.03685227475013203
298444,0.03537894636429438
382666,0.03959826984386414
304593,0.01829136136448802
178579,0.028245157687522057
336443,0.03526864980582043
328383,0.08376572355970598
168078,0.08921584685264934
295787,0.02795281545825634
174260,0.13017902287242927
431467,0.04003840367515815
221717,0.051126109722344694
370362,0.023863925226915723
376355,0.020084320153044323
427654,0.018344878249655885
289923,0.07867796210093544
153233,0.0817391778779465
234232,0.18465743548428026
231589,0.039596052075152495
423706,0.03807978101786698
227653,0.03777429630941406
230864,0.1046564489679834
176938,0.2711323025202865
198714,0.18388802967357193
241018,0.030608729015338235
421975,0.02154987032048432
403410,0.03312217982206947
213317,0.1594385904771221
448526,0.05054421406261901
140040,0.1846359542894691
405632,0.04406290070930753
274961,0.03187590754509125
399451,0.08310373543242151
368702,0.1206821508034841
435120,0.018775523431107714
137167,0.031036919223782405
183490,0.03271358398045353
162022,0.11528227066944916
150901,0.3644845069596838
386827,0.13536586556327623
248056,0.038518393210541485
102617,0.08878316284399995
380228,0.165363489349091
256431,0.035661864472543235
255600,0.08501441102250187
306767,0.08511351380440266
310485,0.02897841297492731
296433,0.03882071384905063
199846,0.057195498318831285
242642,0.044324281522006306
297840,0.040205218858098704
232063,0.10799294806443596
325473,0.04214496181781125
270764,0.03873717068815026
312791,0.1342900873408781
327629,0.08132917277912763
213179,0.01889290304549899
121281,0.15173276205078565
228591,0.06898496566224008
357370,0.05000010396531953
149563,0.044826991581327386
249333,0.1026858666149402
193569,0.262411394444161
325136,0.04375446018434931
202078,0.06017935721560048
211333,0.03199055900793524
282812,0.02539324880176635
262418,0.18543820952229448
108993,0.22731667310395703
397051,0.0404113016496581
138174,0.042565028101098294
215614,0.030025578386744068
370968,0.04431931188896847
241372,0.02807189990191673
106296,0.03956391951143853
236939,0.04230380866512614
156274,0.0389740522242252
119989,0.0678217040106214
247394,0.15896393570789716
205960,0.050396533014528656
395443,0.025296569853479042
263602,0.05363854339601009
106214,0.03828861686874043
385899,0.12875323839881347
344504,0.10980347985010663
121280,0.062374994421544996
106721,0.0724861083218932
140338,0.029275075518499276
377429,0.04298312510558795
436963,0.04991691811356678
188561,0.10370144146967593
152932,0.024175854428856246
346099,0.0484766066442895
115030,0.022175003465459926
438578,0.019012560035353523
324512,0.03575974556045929
440543,0.13149791217146656
135943,0.1653342150447354
352053,0.048688375416481064
307436,0.03530294285901528
212691,0.05532976763806252
268616,0.05482613326127324
130325,0.14973548072565615
418005,0.06634437894021035
368530,0.04727586612655872
106937,0.11852311303358992
310166,0.021312605740241866
144570,0.2507022642755224
448284,0.036276057005306006
278616,0.09754142747978425
363243,0.049627647992193796
190619,0.08067670171618294
292839,0.03191008171163065
284844,0.05261562184141677
101570,0.04521181642782042
197191,0.045679819913064586
242553,0.017905528069344166
244238,0.101439955295263
184936,0.07094016967430437
354111,0.026251513785087416
344240,0.07080183597789647
139256,0.02431254554075738
234943,0.09606537148703807
246396,0.04185298969344639
296695,0.03024995656390273
310383,0.052835082800717165
424270,0.2195774531157113
195371,0.03409151515089192
318105,0.024948895940697997
143353,0.022147976863566336
298131,0.018020211580750456
213775,0.023994274539304805
407121,0.04892335314398683
305121,0.1541393790079501
121046,0.02279363292618571
170255,0.04861334509196618
453844,0.02552218292218547
381444,0.03220622666007522
212933,0.041482604772947615
441874,0.028498583792976002
120166,0.023377799642737538
117633,0.032708167808042005
205565,0.04009552979095977
296790,0.07419726065007871
331193,0.10480495494193284
433535,0.03435565865943317
360801,0.060590641856392374
217651,0.08876545860770359
263004,0.03261693135578727
299136,0.052836644615870704
194677,0.08103001404059891
349047,0.03370694118528205
258488,0.13622361980924724
336903,0.027161104712505928
443264,0.15608343764821925
200095,0.053880208697359475
247904,0.04434161097356876
240901,0.17882169086574726
293942,0.06396657683792918
206640,0.05504479378866921
218884,0.03142357823634421
337080,0.02406230936631454
200657,0.08168094385716568
401901,0.2165860422913374
113318,0.03582783125860073
216551,0.05908076091540593
104376,0.09143601403162387
121078,0.18207058536097953
164808,0.0935694571081635
138089,0.044968378692028375
331697,0.22796264964229582
152148,0.08671253732673148
403542,0.1065591111797773
131405,0.12431546148717773
332318,0.038738352058579464
263489,0.07053521127374511
214861,0.040136130026372785
434283,0.017856468367211928
194879,0.10693417786575722
285996,0.046060973959490936
402821,0.09890038233868717
374677,0.10949442357980263
279461,0.07098894618824517
177384,0.06958480732061298
103377,0.04058833533153545
296285,0.14210280759435517
396057,0.04403809712681809
366806,0.041772684969113176
185893,0.05536891418509719
403969,0.11096578078807737
454261,0.024092417839549372
435118,0.06602226395138863
347614,0.11900752481248177
101873,0.20813875847519217
135304,0.13624417706703235
308892,0.04967258959939974
347071,0.18473071520327822
227954,0.043915875930398
117406,0.20364234796885144
224494,0.10568534660809178
115341,0.3399052305585123
132456,0.10252405134116457
207887,0.024967187812398938
361632,0.11452815597294766
343968,0.059770715848941974
196500,0.019394552687135188
200216,0.021930673322783867
237728,0.19584992323263728
266014,0.1964571842230336
399092,0.09142723905241165
347876,0.049070614226846096
112847,0.02092660539880356
208263,0.10497618094379269
269701,0.05233102489982493
388842,0.026011699791736044
253844,0.07397394565517151
293851,0.14115342840659256
168722,0.22987597233822551
422527,0.057033608671443636
198421,0.13188694176586907
339382,0.08383474188739777
401593,0.1855979717530351
179314,0.026930013690360702
333392,0.027490626394376726
376636,0.15524699337243095
336569,0.1113825354595678
423156,0.032754237976754266
314073,0.04299436922004847
302905,0.04181394700114907
265723,0.06596252877711904
164300,0.15585109600266644
445849,0.05254246341316431
140426,0.05829060778262603
297859,0.018955628504066693
167037,0.1977111053139439
362891,0.1756061095950852
178172,0.023422901392792194
442306,0.023011412126591413
354708,0.043755348384477505
102413,0.03602683142830461
222496,0.03168082222005693
147893,0.18207649067939685
154447,0.03519682637079271
302639,0.1343830291213781
178432,0.02627890830519604
441209,0.09839372597248569
341429,0.043067696240591535
220143,0.029793518112650342
392939,0.044512016518594585
343458,0.02692786097985775
140719,0.019181116598134443
392399,0.03895434282216119
306193,0.07440119938171282
250176,0.08093409523207175
364428,0.048029882259130595
300788,0.07753162380403493
155049,0.12717429251649193
287006,0.05180012879191078
264667,0.059855947678560714
131641,0.06987362750239245
161468,0.05087992944750256
339993,0.03381705115354461
133107,0.061465832148221995
373631,0.04468913305131647
322093,0.04558703093946481
290941,0.057666449410638754
190590,0.03058664869668186
298165,0.13649454029770874
223456,0.4280102536034442
259908,0.07953848501268806
302670,0.07871206148798647
429498,0.031441703674845986
286299,0.1259061180128665
245926,0.03179365732007464
438341,0.13211875631862494
285417,0.08612574472822067
190901,0.03683888556930933
255371,0.03756812938925283
295443,0.10501565006962826
201727,0.153142176052159
258974,0.03365079435574077
246010,0.02504634356104935
200523,0.05709541840930082
441375,0.02287824329048033
255061,0.10966075237142581
333687,0.08938638236397112
330965,0.1251363559532394
217509,0.1648615293764435
126984,0.10951150900165216
235977,0.06455450179724269
397281,0.030583339417931128
160954,0.03995645448140653
348644,0.12922378140451646
276444,0.037071264744784505
274521,0.04666355543696406
209126,0.03130826516640523
195369,0.041773057537697375
133501,0.15714189690433053
100772,0.034973010327641385
207163,0.14957849492554615
408249,0.02794410530812238
256993,0.02058342552907272
357458,0.026702817275040536
450233,0.10367545838729292
274954,0.04487032864404734
284797,0.020845313628186
146571,0.04231030674795194
154215,0.14761641089819622
301530,0.04442193086781857
204885,0.05822962804238905
113201,0.07534064767132974
362635,0.035909285963434304
158078,0.03373227486155946
208090,0.022278171723305974
339263,0.0812543926251085
104861,0.054234574330172286
216510,0.08502341615487229
292501,0.15448155774608874
334032,0.16071347876548678
